https://blog.cyplo.net/tag/swap,/categories/swap.html
https://blog.cyplo.net/tag/apache,/categories/apache.html
https://blog.cyplo.net/tag/tilaa,/categories/tilaa.html
https://blog.cyplo.net/tag/java,/categories/java.html
https://blog.cyplo.net/2014/03/17/poc-gtfo/,https://blog.cyplo.net/posts/2014/03/17/poc-gtfo.html
https://blog.cyplo.net/tag/zombie,/categories/zombie.html
https://blog.cyplo.net/tag/raspberrypi,/categories/raspberrypi.html
https://blog.cyplo.net/tools/,https://blog.cyplo.net/stories/tools.html
https://blog.cyplo.net/tag/fix-stuff,/categories/fix-stuff.html
https://blog.cyplo.net/tag/hardware,/categories/hardware.html
https://blog.cyplo.net/2013/03/31/building-nas/,https://blog.cyplo.net/posts/2013/03/31/building-nas.html
https://blog.cyplo.net/tag/docker,/categories/docker.html
https://blog.cyplo.net/tag/raspbian,/categories/raspbian.html
https://blog.cyplo.net/2013/05/26/building-nas-software/,https://blog.cyplo.net/posts/2013/05/26/building-nas-software.html
https://blog.cyplo.net/tag/layout,/categories/layout.html
https://blog.cyplo.net/tag/books,/categories/books.html
https://blog.cyplo.net/tag/tcpip,/categories/tcpip.html
https://blog.cyplo.net/tag/github,/categories/github.html
https://blog.cyplo.net/tag/grafana,/categories/grafana.html
https://blog.cyplo.net/tag/apple,/categories/apple.html
https://blog.cyplo.net/tag/balcony,/categories/balcony.html
https://blog.cyplo.net/tag/restore,/categories/restore.html
https://blog.cyplo.net/tag/shell,/categories/shell.html
https://blog.cyplo.net/tag/azure,/categories/azure.html
https://blog.cyplo.net/tag/crunchbang,/categories/crunchbang.html
https://blog.cyplo.net/tag/pid-1,/categories/pid-1.html
https://blog.cyplo.net/tag/photos,/categories/photos.html
https://blog.cyplo.net/tag/net,/categories/net.html
https://blog.cyplo.net/2013/01/15/laptop-would-love-to-buy/,https://blog.cyplo.net/posts/2013/01/15/laptop-would-love-to-buy.html
https://blog.cyplo.net/tag/heeks,/categories/heeks.html
https://blog.cyplo.net/tag/ruby,/categories/ruby.html
https://blog.cyplo.net/tag/build,/categories/build.html
https://blog.cyplo.net/2015/10/17/tools-indicator-holder/,https://blog.cyplo.net/posts/2015/10/17/tools-indicator-holder.html
https://blog.cyplo.net/tag/ai,/categories/ai.html
https://blog.cyplo.net/tag/galaxy,/categories/galaxy.html
https://blog.cyplo.net/tag/jtag,/categories/jtag.html
https://blog.cyplo.net/tag/conferences,/categories/conferences.html
https://blog.cyplo.net/2011/01/29/netbeans-6-9-rails-3-ubuntu-10-10/,https://blog.cyplo.net/posts/2011/01/29/netbeans-6-9-rails-3-ubuntu-10-10.html
https://blog.cyplo.net/trying-out-now/,https://blog.cyplo.net/stories/trying-out-now.html
https://blog.cyplo.net/tag/travel,/categories/travel.html
https://blog.cyplo.net/tag/gdb,/categories/gdb.html
https://blog.cyplo.net/tag/terminator,/categories/terminator.html
https://blog.cyplo.net/tag/se-50,/categories/se-50.html
https://blog.cyplo.net/tag/systemd,/categories/systemd.html
https://blog.cyplo.net/tag/programming,/categories/programming.html
https://blog.cyplo.net/tag/cucumber,/categories/cucumber.html
https://blog.cyplo.net/tag/multiarch,/categories/multiarch.html
https://blog.cyplo.net/2013/03/23/reprappro-mendel-4-5-6/,https://blog.cyplo.net/posts/2013/03/23/reprappro-mendel-4-5-6.html
https://blog.cyplo.net/tag/openssl,/categories/openssl.html
https://blog.cyplo.net/tag/heekscnc,/categories/heekscnc.html
https://blog.cyplo.net/tag/dell,/categories/dell.html
https://blog.cyplo.net/tag/https,/categories/https.html
https://blog.cyplo.net/tag/recovery,/categories/recovery.html
https://blog.cyplo.net/tag/separation,/categories/separation.html
https://blog.cyplo.net/tag/ccc,/categories/ccc.html
https://blog.cyplo.net/tag/python,/categories/python.html
https://blog.cyplo.net/tag/windows,/categories/windows.html
https://blog.cyplo.net/2012/12/22/i-bought-a-book/,https://blog.cyplo.net/posts/2012/12/22/i-bought-a-book.html
https://blog.cyplo.net/tag/booster,/categories/booster.html
https://blog.cyplo.net/tag/linux,/categories/linux.html
https://blog.cyplo.net/tag/oneiric-ocelot,/categories/oneiric-ocelot.html
https://blog.cyplo.net/2015/01/06/standing-desk/,https://blog.cyplo.net/posts/2015/01/06/standing-desk.html
https://blog.cyplo.net/2013/03/23/assembling-reprappro-mendel-days-7-8/,https://blog.cyplo.net/posts/2013/03/23/assembling-reprappro-mendel-days-7-8.html
https://blog.cyplo.net/tag/ca,/categories/ca.html
https://blog.cyplo.net/tag/maverick,/categories/maverick.html
https://blog.cyplo.net/2013/09/18/anatomy-debugger/,https://blog.cyplo.net/posts/2013/09/18/anatomy-debugger.html
https://blog.cyplo.net/tag/bash,/categories/bash.html
https://blog.cyplo.net/tag/memory,/categories/memory.html
https://blog.cyplo.net/tag/mendel,/categories/mendel.html
https://blog.cyplo.net/tag/raspberry,/categories/raspberry.html
https://blog.cyplo.net/tag/gnome,/categories/gnome.html
https://blog.cyplo.net/tag/pv,/categories/pv.html
https://blog.cyplo.net/tag/32bit,/categories/32bit.html
https://blog.cyplo.net/tag/automation,/categories/automation.html
https://blog.cyplo.net/tag/testing,/categories/testing.html
https://blog.cyplo.net/tag/nexus,/categories/nexus.html
https://blog.cyplo.net/tag/samsung,/categories/samsung.html
https://blog.cyplo.net/tag/artificial-intelligence,/categories/artificial-intelligence.html
https://blog.cyplo.net/tag/ddm,/categories/ddm.html
https://blog.cyplo.net/tag/freedom,/categories/freedom.html
https://blog.cyplo.net/2016/06/12/dont-throw-away-fix/,https://blog.cyplo.net/posts/2016/06/12/dont-throw-away-fix.html
https://blog.cyplo.net/tag/development,/categories/development.html
https://blog.cyplo.net/2015/11/17/lets-encrypt-certificate/,https://blog.cyplo.net/posts/2015/11/17/lets-encrypt-certificate.html
https://blog.cyplo.net/tag/grbl,/categories/grbl.html
https://blog.cyplo.net/tag/commandline,/categories/commandline.html
https://blog.cyplo.net/tag/terminal,/categories/terminal.html
https://blog.cyplo.net/tag/talk,/categories/talk.html
https://blog.cyplo.net/2010/10/15/bulletstorm/,https://blog.cyplo.net/posts/2010/10/15/bulletstorm.html
https://blog.cyplo.net/2012/12/28/29c3-day1/,https://blog.cyplo.net/posts/2012/12/28/29c3-day1.html
https://blog.cyplo.net/tag/vagrant,/categories/vagrant.html
https://blog.cyplo.net/2015/03/28/tools-pcb-holder/,https://blog.cyplo.net/posts/2015/03/28/tools-pcb-holder.html
https://blog.cyplo.net/tag/compilation,/categories/compilation.html
https://blog.cyplo.net/tag/sdcard,/categories/sdcard.html
https://blog.cyplo.net/tag/wifi,/categories/wifi.html
https://blog.cyplo.net/tag/64bit,/categories/64bit.html
https://blog.cyplo.net/tag/sensor,/categories/sensor.html
https://blog.cyplo.net/tag/fontconfig,/categories/fontconfig.html
https://blog.cyplo.net/tag/machining,/categories/machining.html
https://blog.cyplo.net/tag/raspberry-pi,/categories/raspberry-pi.html
https://blog.cyplo.net/tag/letsencrypt,/categories/letsencrypt.html
https://blog.cyplo.net/tag/cryptsetup,/categories/cryptsetup.html
https://blog.cyplo.net/2013/07/16/automating-running-debian-in-virtualbox/,https://blog.cyplo.net/posts/2013/07/16/automating-running-debian-in-virtualbox.html
https://blog.cyplo.net/tag/source,/categories/source.html
https://blog.cyplo.net/tag/adc-pi,/categories/adc-pi.html
https://blog.cyplo.net/2014/06/28/poc-gtfo-0x04/,https://blog.cyplo.net/posts/2014/06/28/poc-gtfo-0x04.html
https://blog.cyplo.net/tag/openwrt,/categories/openwrt.html
https://blog.cyplo.net/2014/04/21/adding-voltage-current-measurements-sunpowered-pi/,https://blog.cyplo.net/posts/2014/04/21/adding-voltage-current-measurements-sunpowered-pi.html
https://blog.cyplo.net/tag/dmehosting,/categories/dmehosting.html
https://blog.cyplo.net/tag/rsync,/categories/rsync.html
https://blog.cyplo.net/tag/openrc,/categories/openrc.html
https://blog.cyplo.net/tag/wordpress,/categories/wordpress.html
https://blog.cyplo.net/tag/security,/categories/security.html
https://blog.cyplo.net/tag/emulator,/categories/emulator.html
https://blog.cyplo.net/tag/exploit,/categories/exploit.html
https://blog.cyplo.net/2016/07/06/terminal-emulator-windows-10-bash/,https://blog.cyplo.net/posts/2016/07/06/terminal-emulator-windows-10-bash.html
https://blog.cyplo.net/tag/settings,/categories/settings.html
https://blog.cyplo.net/tag/tarsnap,/categories/tarsnap.html
https://blog.cyplo.net/tag/gentoo,/categories/gentoo.html
https://blog.cyplo.net/2014/02/11/today-fight-back/,https://blog.cyplo.net/posts/2014/02/11/today-fight-back.html
https://blog.cyplo.net/tag/cnc,/categories/cnc.html
https://blog.cyplo.net/tag/killer-segways,/categories/killer-segways.html
https://blog.cyplo.net/tag/opensource,/categories/opensource.html
https://blog.cyplo.net/tag/shellcommandunresponsive,/categories/shellcommandunresponsive.html
https://blog.cyplo.net/tag/storage,/categories/storage.html
https://blog.cyplo.net/tag/server,/categories/server.html
https://blog.cyplo.net/tag/processor,/categories/processor.html
https://blog.cyplo.net/tag/ubuntu,/categories/ubuntu.html
https://blog.cyplo.net/tag/mvc,/categories/mvc.html
https://blog.cyplo.net/tag/solar-power,/categories/solar-power.html
https://blog.cyplo.net/tag/os,/categories/os.html
https://blog.cyplo.net/tag/erlang,/categories/erlang.html
https://blog.cyplo.net/tag/bcm43224,/categories/bcm43224.html
https://blog.cyplo.net/2014/07/05/compiling-git-2-0-cygwin/,https://blog.cyplo.net/posts/2014/07/05/compiling-git-2-0-cygwin.html
https://blog.cyplo.net/tag/desk,/categories/desk.html
https://blog.cyplo.net/tag/reprap,/categories/reprap.html
https://blog.cyplo.net/tag/solar,/categories/solar.html
https://blog.cyplo.net/2014/11/01/running-eagle-ubuntu-14-10-64bit/,https://blog.cyplo.net/posts/2014/11/01/running-eagle-ubuntu-14-10-64bit.html
https://blog.cyplo.net/tag/vbox,/categories/vbox.html
https://blog.cyplo.net/2012/04/01/bitcoin-wallet-recovery-photorec/,https://blog.cyplo.net/posts/2012/04/01/bitcoin-wallet-recovery-photorec.html
https://blog.cyplo.net/tag/hack,/categories/hack.html
https://blog.cyplo.net/tag/socrates,/categories/socrates.html
https://blog.cyplo.net/tag/macos,/categories/macos.html
https://blog.cyplo.net/tag/buspirate,/categories/buspirate.html
https://blog.cyplo.net/tag/speaking,/categories/speaking.html
https://blog.cyplo.net/2015/09/02/swap-on-temp-disk/,https://blog.cyplo.net/posts/2015/09/02/swap-on-temp-disk.html
https://blog.cyplo.net/tag/wallet,/categories/wallet.html
https://blog.cyplo.net/tag/boot,/categories/boot.html
https://blog.cyplo.net/tag/pki,/categories/pki.html
https://blog.cyplo.net/tag/wheezy,/categories/wheezy.html
https://blog.cyplo.net/tag/talks,/categories/talks.html
https://blog.cyplo.net/tag/social,/categories/social.html
https://blog.cyplo.net/tag/gnome3,/categories/gnome3.html
https://blog.cyplo.net/tag/json,/categories/json.html
https://blog.cyplo.net/2015/04/26/cnc-router-arrives/,https://blog.cyplo.net/posts/2015/04/26/cnc-router-arrives.html
https://blog.cyplo.net/tag/tools,/categories/tools.html
https://blog.cyplo.net/2015/05/02/grafana-influx/,https://blog.cyplo.net/posts/2015/05/02/grafana-influx.html
https://blog.cyplo.net/tag/vim,/categories/vim.html
https://blog.cyplo.net/2013/03/23/reprappro-mendel-1/,https://blog.cyplo.net/posts/2013/03/23/reprappro-mendel-1.html
https://blog.cyplo.net/tag/sd,/categories/sd.html
https://blog.cyplo.net/tag/codefreeze,/categories/codefreeze.html
https://blog.cyplo.net/2014/01/01/wordpress-https-nonstandard-port/,https://blog.cyplo.net/posts/2014/01/01/wordpress-https-nonstandard-port.html
https://blog.cyplo.net/tag/virtualization,/categories/virtualization.html
https://blog.cyplo.net/tag/crypto,/categories/crypto.html
https://blog.cyplo.net/tag/ssl,/categories/ssl.html
https://blog.cyplo.net/2010/10/10/google-ai-challenge/,https://blog.cyplo.net/posts/2010/10/10/google-ai-challenge.html
https://blog.cyplo.net/tag/bitbucket,/categories/bitbucket.html
https://blog.cyplo.net/tag/headphones,/categories/headphones.html
https://blog.cyplo.net/tag/lvm2,/categories/lvm2.html
https://blog.cyplo.net/tag/lvm,/categories/lvm.html
https://blog.cyplo.net/tag/blog,/categories/blog.html
https://blog.cyplo.net/2011/05/23/speeding-up-eclipse-aptana/,https://blog.cyplo.net/posts/2011/05/23/speeding-up-eclipse-aptana.html
https://blog.cyplo.net/tag/aspnet,/categories/aspnet.html
https://blog.cyplo.net/tag/font,/categories/font.html
https://blog.cyplo.net/tag/poc-or-gtfo,/categories/poc-or-gtfo.html
https://blog.cyplo.net/tag/latitude,/categories/latitude.html
https://blog.cyplo.net/2011/12/20/disassembling-pioneer-se-50-headphones/,https://blog.cyplo.net/posts/2011/12/20/disassembling-pioneer-se-50-headphones.html
https://blog.cyplo.net/tag/photorec,/categories/photorec.html
https://blog.cyplo.net/tag/notebook,/categories/notebook.html
https://blog.cyplo.net/tag/hacking,/categories/hacking.html
https://blog.cyplo.net/tag/software,/categories/software.html
https://blog.cyplo.net/2013/03/23/reprappro-mendel-2/,https://blog.cyplo.net/posts/2013/03/23/reprappro-mendel-2.html
https://blog.cyplo.net/2014/09/26/poor-mans-secrets-storage/,https://blog.cyplo.net/posts/2014/09/26/poor-mans-secrets-storage.html
https://blog.cyplo.net/2012/12/28/29c3-day0/,https://blog.cyplo.net/posts/2012/12/28/29c3-day0.html
https://blog.cyplo.net/tag/secret,/categories/secret.html
https://blog.cyplo.net/tag/recruitment,/categories/recruitment.html
https://blog.cyplo.net/tag/photovoltaic,/categories/photovoltaic.html
https://blog.cyplo.net/2014/02/01/compiling-tarsnap-raspberrypi/,https://blog.cyplo.net/posts/2014/02/01/compiling-tarsnap-raspberrypi.html
https://blog.cyplo.net/tag/aptana,/categories/aptana.html
https://blog.cyplo.net/tag/vps,/categories/vps.html
https://blog.cyplo.net/tag/repairing,/categories/repairing.html
https://blog.cyplo.net/2013/03/06/erlang-tech-night/,https://blog.cyplo.net/posts/2013/03/06/erlang-tech-night.html
https://blog.cyplo.net/tag/teardown,/categories/teardown.html
https://blog.cyplo.net/tag/kicad,/categories/kicad.html
https://blog.cyplo.net/tag/port,/categories/port.html
https://blog.cyplo.net/tag/ssh,/categories/ssh.html
https://blog.cyplo.net/tag/pioneer,/categories/pioneer.html
https://blog.cyplo.net/about/,https://blog.cyplo.net/stories/about.html
https://blog.cyplo.net/tag/hopefully-influential,/categories/hopefully-influential.html
https://blog.cyplo.net/2011/10/06/configuring-tor-non-exit-relay/,https://blog.cyplo.net/posts/2011/10/06/configuring-tor-non-exit-relay.html
https://blog.cyplo.net/2010/11/14/sharpdevelop/,https://blog.cyplo.net/posts/2010/11/14/sharpdevelop.html
https://blog.cyplo.net/tag/sunpowered,/categories/sunpowered.html
https://blog.cyplo.net/tag/temp,/categories/temp.html
https://blog.cyplo.net/tag/vm,/categories/vm.html
https://blog.cyplo.net/2013/11/10/booting-gentoo-lukslvm2systemd/,https://blog.cyplo.net/posts/2013/11/10/booting-gentoo-lukslvm2systemd.html
https://blog.cyplo.net/tag/nginx,/categories/nginx.html
https://blog.cyplo.net/tag/arch-linux,/categories/arch-linux.html
https://blog.cyplo.net/tag/too-many-pattern-attempts,/categories/too-many-pattern-attempts.html
https://blog.cyplo.net/talks/,https://blog.cyplo.net/stories/talks.html
https://blog.cyplo.net/tag/heekscad,/categories/heekscad.html
https://blog.cyplo.net/tag/netbeans,/categories/netbeans.html
https://blog.cyplo.net/tag/gtfo,/categories/gtfo.html
https://blog.cyplo.net/tag/friendlyarm,/categories/friendlyarm.html
https://blog.cyplo.net/2014/03/29/changing-terminal-preferences-gnome-3/,https://blog.cyplo.net/posts/2014/03/29/changing-terminal-preferences-gnome-3.html
https://blog.cyplo.net/tag/workshop,/categories/workshop.html
https://blog.cyplo.net/2014/02/16/sunpowered-server-setup/,https://blog.cyplo.net/posts/2014/02/16/sunpowered-server-setup.html
https://blog.cyplo.net/2015/05/28/cnc-workflow/,https://blog.cyplo.net/posts/2015/05/28/cnc-workflow.html
https://blog.cyplo.net/2011/07/24/how-to-hire-people/,https://blog.cyplo.net/posts/2011/07/24/how-to-hire-people.html
https://blog.cyplo.net/tag/owncloud,/categories/owncloud.html
https://blog.cyplo.net/2016/03/13/conferences/,https://blog.cyplo.net/posts/2016/03/13/conferences.html
https://blog.cyplo.net/tag/git,/categories/git.html
https://blog.cyplo.net/2010/11/01/vps-adventures-part-two/,https://blog.cyplo.net/posts/2010/11/01/vps-adventures-part-two.html
https://blog.cyplo.net/tag/androidconnectedtest,/categories/androidconnectedtest.html
https://blog.cyplo.net/tag/eclipse,/categories/eclipse.html
https://blog.cyplo.net/tag/tls,/categories/tls.html
https://blog.cyplo.net/tag/xserve,/categories/xserve.html
https://blog.cyplo.net/tag/bug,/categories/bug.html
https://blog.cyplo.net/tag/ssh-keygen,/categories/ssh-keygen.html
https://blog.cyplo.net/2011/09/22/ubuntu-11-10-beta1/,https://blog.cyplo.net/posts/2011/09/22/ubuntu-11-10-beta1.html
https://blog.cyplo.net/tag/eagle,/categories/eagle.html
https://blog.cyplo.net/tag/walletdat,/categories/walletdat.html
https://blog.cyplo.net/tag/utopic,/categories/utopic.html
https://blog.cyplo.net/2012/07/08/enabling-wireless-latitude-2110-crunchbang-linux/,https://blog.cyplo.net/posts/2012/07/08/enabling-wireless-latitude-2110-crunchbang-linux.html
https://blog.cyplo.net/tag/assembly,/categories/assembly.html
https://blog.cyplo.net/tag/integration-tests,/categories/integration-tests.html
https://blog.cyplo.net/tag/current,/categories/current.html
https://blog.cyplo.net/tag/measurement,/categories/measurement.html
https://blog.cyplo.net/tag/tiny210,/categories/tiny210.html
https://blog.cyplo.net/tag/pi,/categories/pi.html
https://blog.cyplo.net/tag/ddmpreference,/categories/ddmpreference.html
https://blog.cyplo.net/tag/mono,/categories/mono.html
https://blog.cyplo.net/tag/raid,/categories/raid.html
https://blog.cyplo.net/tag/poc,/categories/poc.html
https://blog.cyplo.net/tag/communication,/categories/communication.html
https://blog.cyplo.net/tag/meter,/categories/meter.html
https://blog.cyplo.net/tag/open-source,/categories/open-source.html
https://blog.cyplo.net/2013/06/13/how-to-remove-multiarch-in-debian-7/,https://blog.cyplo.net/posts/2013/06/13/how-to-remove-multiarch-in-debian-7.html
https://blog.cyplo.net/tag/rest,/categories/rest.html
https://blog.cyplo.net/tag/functional-programming,/categories/functional-programming.html
https://blog.cyplo.net/tag/dotfiles,/categories/dotfiles.html
https://blog.cyplo.net/tag/routerboard-433uah,/categories/routerboard-433uah.html
https://blog.cyplo.net/tag/bitcoin,/categories/bitcoin.html
https://blog.cyplo.net/tag/router,/categories/router.html
https://blog.cyplo.net/2015/10/25/android-integration-test-timeouts/,https://blog.cyplo.net/posts/2015/10/25/android-integration-test-timeouts.html
https://blog.cyplo.net/tag/boost,/categories/boost.html
https://blog.cyplo.net/tag/tor,/categories/tor.html
https://blog.cyplo.net/tag/backup,/categories/backup.html
https://blog.cyplo.net/tag/virtualbox,/categories/virtualbox.html
https://blog.cyplo.net/tag/laptop,/categories/laptop.html
https://blog.cyplo.net/tag/congress,/categories/congress.html
https://blog.cyplo.net/tag/mac,/categories/mac.html
https://blog.cyplo.net/tag/adb,/categories/adb.html
https://blog.cyplo.net/tag/macosx,/categories/macosx.html
https://blog.cyplo.net/tag/reaper,/categories/reaper.html
https://blog.cyplo.net/tag/influxdb,/categories/influxdb.html
https://blog.cyplo.net/2014/02/24/wifi-raspberrypi/,https://blog.cyplo.net/posts/2014/02/24/wifi-raspberrypi.html
https://blog.cyplo.net/tag/cygwin,/categories/cygwin.html
https://blog.cyplo.net/tag/camping,/categories/camping.html
https://blog.cyplo.net/tag/password,/categories/password.html
https://blog.cyplo.net/tag/filament,/categories/filament.html
https://blog.cyplo.net/tag/c,/categories/c.html
https://blog.cyplo.net/2015/12/31/productive-new-years-eve/,https://blog.cyplo.net/posts/2015/12/31/productive-new-years-eve.html
https://blog.cyplo.net/2014/06/19/better-crypto-initiative/,https://blog.cyplo.net/posts/2014/06/19/better-crypto-initiative.html
https://blog.cyplo.net/tag/mirror,/categories/mirror.html
https://blog.cyplo.net/2010/10/24/vps-adventures-part-one/,https://blog.cyplo.net/posts/2010/10/24/vps-adventures-part-one.html
https://blog.cyplo.net/2013/08/10/new-laptop/,https://blog.cyplo.net/posts/2013/08/10/new-laptop.html
https://blog.cyplo.net/tag/debugger,/categories/debugger.html
https://blog.cyplo.net/2015/03/20/pocgtfo-0x07-is-out/,https://blog.cyplo.net/posts/2015/03/20/pocgtfo-0x07-is-out.html
https://blog.cyplo.net/tag/init,/categories/init.html
https://blog.cyplo.net/2012/08/01/boosting-your-wifi-signal/,https://blog.cyplo.net/posts/2012/08/01/boosting-your-wifi-signal.html
https://blog.cyplo.net/tag/1110,/categories/1110.html
https://blog.cyplo.net/tag/ci,/categories/ci.html
https://blog.cyplo.net/tag/debian,/categories/debian.html
https://blog.cyplo.net/tag/android,/categories/android.html
https://blog.cyplo.net/tag/3d,/categories/3d.html
https://blog.cyplo.net/tag/dconf,/categories/dconf.html
https://blog.cyplo.net/2015/09/27/usb-3-0-virtualbox-vms/,https://blog.cyplo.net/posts/2015/09/27/usb-3-0-virtualbox-vms.html
https://blog.cyplo.net/tag/praxis,/categories/praxis.html
https://blog.cyplo.net/tag/timeseries,/categories/timeseries.html
https://blog.cyplo.net/tag/speedup,/categories/speedup.html
https://blog.cyplo.net/tag/windows-10,/categories/windows-10.html
https://blog.cyplo.net/tag/wrt54gl,/categories/wrt54gl.html
https://blog.cyplo.net/2011/03/27/blog/,https://blog.cyplo.net/posts/2011/03/27/blog.html
https://blog.cyplo.net/tag/jenkins,/categories/jenkins.html
https://blog.cyplo.net/tag/30c3,/categories/30c3.html
https://blog.cyplo.net/2015/08/12/containerized-zombie-spawner/,https://blog.cyplo.net/posts/2015/08/12/containerized-zombie-spawner.html
https://blog.cyplo.net/2014/01/21/meetings/,https://blog.cyplo.net/posts/2014/01/21/meetings.html
https://blog.cyplo.net/tag/hosted,/categories/hosted.html
https://blog.cyplo.net/tag/google,/categories/google.html
https://blog.cyplo.net/tag/31c3,/categories/31c3.html
https://blog.cyplo.net/tag/spool,/categories/spool.html
https://blog.cyplo.net/tag/bag,/categories/bag.html
https://blog.cyplo.net/tag/crash,/categories/crash.html
https://blog.cyplo.net/tag/fun,/categories/fun.html
https://blog.cyplo.net/tag/chaos,/categories/chaos.html
https://blog.cyplo.net/2013/09/02/links-directory/,https://blog.cyplo.net/posts/2013/09/02/links-directory.html
https://blog.cyplo.net/2011/05/07/installing-macosx-server-on-virtualbox/,https://blog.cyplo.net/posts/2011/05/07/installing-macosx-server-on-virtualbox.html
https://blog.cyplo.net/tag/speed,/categories/speed.html
https://blog.cyplo.net/tag/luks,/categories/luks.html
https://blog.cyplo.net/2013/10/26/new-dotfiles-repository/,https://blog.cyplo.net/posts/2013/10/26/new-dotfiles-repository.html
https://blog.cyplo.net/2014/11/09/gui-vagrant-box/,https://blog.cyplo.net/posts/2014/11/09/gui-vagrant-box.html
https://blog.cyplo.net/tag/cadsoft,/categories/cadsoft.html
https://blog.cyplo.net/tag/linuxcnc,/categories/linuxcnc.html
https://blog.cyplo.net/tag/voltage,/categories/voltage.html
https://blog.cyplo.net/tag/soldering,/categories/soldering.html
https://blog.cyplo.net/tag/mikrotik,/categories/mikrotik.html
https://blog.cyplo.net/tag/vimrc,/categories/vimrc.html
https://blog.cyplo.net/tag/draft,/categories/draft.html
https://blog.cyplo.net/tag/gpg,/categories/gpg.html
https://blog.cyplo.net/tag/key,/categories/key.html
https://blog.cyplo.net/2014/06/19/filament-spool-wall/,https://blog.cyplo.net/posts/2014/06/19/filament-spool-wall.html
https://blog.cyplo.net/tag/clevo,/categories/clevo.html
https://blog.cyplo.net/tag/sun,/categories/sun.html
https://blog.cyplo.net/tag/signature,/categories/signature.html
https://blog.cyplo.net/2012/11/01/minimalistic-rest-server-in-dotnet/,https://blog.cyplo.net/posts/2012/11/01/minimalistic-rest-server-in-dotnet.html
https://blog.cyplo.net/2013/12/28/30c3-day-1/,https://blog.cyplo.net/posts/2013/12/28/30c3-day-1.html
https://blog.cyplo.net/tag/nas,/categories/nas.html
https://blog.cyplo.net/tag/games,/categories/games.html
https://blog.cyplo.net/tag/usb,/categories/usb.html
https://blog.cyplo.net/tag/printer,/categories/printer.html
https://blog.cyplo.net/tag/pcb,/categories/pcb.html
https://blog.cyplo.net/tag/gauge,/categories/gauge.html
https://blog.cyplo.net/2015/02/14/backing-restoring-whole-block-devices/,https://blog.cyplo.net/posts/2015/02/14/backing-restoring-whole-block-devices.html
https://blog.cyplo.net/2014/11/01/tor-talk/,https://blog.cyplo.net/posts/2014/11/01/tor-talk.html
https://blog.cyplo.net/tag/repair,/categories/repair.html
https://blog.cyplo.net/tag/nuclai,/categories/nuclai.html
